{
  "Name": "2-2",
  "CreationDate": "2021-9-5",
  "Commands": [
    {
      "Command": "store",
      "Target": "function d(hh_mm_ss) {     var result = 0;     var arr = hh_mm_ss.split(':').map(x => parseInt(x));     if(arr.length == 2) {         result += arr[1];         result += arr[0] * 60;         result *= 500;     }     if(arr.length == 3) {         result += arr[2];         result += arr[1] * 60;         result += arr[0] * 60 * 60;         result *= 500;     }     return result + 5000; }  function a() {     var array = [];     var array2 = [];     for (let i = 0; i < arguments.length; i++) {         if(i == 0) array.push(arguments[i]);          else {             array2.push([arguments[i], d(arguments[i+1])]);             i++;         }     }     array.push(array2);      return array; }",
      "Value": "CODE1",
      "Description": ""
    },
    {
      "Command": "prompt",
      "Target": "코드 여기 붙여넣기ㄱㄱ(쌍따옴표 빼야됨)",
      "Value": "CODE2",
      "Description": ""
    },
    {
      "Command": "executeScript_Sandbox",
      "Target": "eval (${CODE1}); \neval (${CODE2}); \nreturn c;",
      "Value": "array1",
      "Description": ""
    },
    {
      "Command": "forEach",
      "Target": "array1",
      "Value": "elem1",
      "Description": ""
    },
    {
      "Command": "executeScript_Sandbox",
      "Target": "return ${elem1[1]}",
      "Value": "array2",
      "Description": ""
    },
    {
      "Command": "forEach",
      "Target": "array2",
      "Value": "elem2",
      "Description": ""
    },
    {
      "Command": "executeScript_Sandbox",
      "Target": "return ${elem2[0]}",
      "Value": "url",
      "Description": ""
    },
    {
      "Command": "executeScript_Sandbox",
      "Target": "return ${elem2[1]}",
      "Value": "time",
      "Description": ""
    },
    {
      "Command": "open",
      "Target": "https://canvas.skku.edu/",
      "Value": "",
      "Description": ""
    },
    {
      "Command": "clickAndWait",
      "Target": "${elem1[0]}",
      "Value": "",
      "Description": ""
    },
    {
      "Command": "clickAndWait",
      "Target": "linkText=강의콘텐츠",
      "Value": "",
      "Description": ""
    },
    {
      "Command": "selectFrame",
      "Target": "id=tool_content",
      "Value": "",
      "Description": ""
    },
    {
      "Command": "click",
      "Target": "${url}",
      "Value": "",
      "Description": ""
    },
    {
      "Command": "selectFrame",
      "Target": "index=0",
      "Value": "",
      "Description": ""
    },
    {
      "Command": "selectFrame",
      "Target": "index=0",
      "Value": "",
      "Description": ""
    },
    {
      "Command": "visualSearch",
      "Target": "youtube_play_button.png",
      "Value": "found",
      "Description": ""
    },
    {
      "Command": "if_v2",
      "Target": "${found} == 0",
      "Value": "",
      "Description": ""
    },
    {
      "Command": "XClickRelative",
      "Target": "lmkhjw_dpi_144.png",
      "Value": "",
      "Description": ""
    },
    {
      "Command": "XMouseWheel",
      "Target": "100",
      "Value": "",
      "Description": ""
    },
    {
      "Command": "end",
      "Target": "",
      "Value": "",
      "Description": ""
    },
    {
      "Command": "XClick",
      "Target": "youtube_play_button.png",
      "Value": "",
      "Description": ""
    },
    {
      "Command": "XClickRelative",
      "Target": "kblh9p_dpi_144.png",
      "Value": "",
      "Description": ""
    },
    {
      "Command": "pause",
      "Target": "${time}",
      "Value": "",
      "Description": ""
    },
    {
      "Command": "selectWindow",
      "Target": "tab=close",
      "Value": "",
      "Description": ""
    },
    {
      "Command": "XType",
      "Target": "${KEY_ENTER}",
      "Value": "",
      "Description": ""
    },
    {
      "Command": "end",
      "Target": "",
      "Value": "",
      "Description": ""
    },
    {
      "Command": "end",
      "Target": "",
      "Value": "",
      "Description": ""
    },
    {
      "Command": "executeScript_Sandbox",
      "Target": "alert(\"매크로 끝!\");",
      "Value": "",
      "Description": ""
    }
  ]
}